valid,0

"Full Results Table"

Benchmark,"Base Ref Time","Est. Base Run Time","Est. Base Ratio","Base Selected","Base Status","Peak Ref Time","Est. Peak Run Time","Est. Peak Ratio","Peak Selected","Peak Status",Description
410.bwaves,,,,,NR,,,,,NR
410.bwaves,,,,,NR,,,,,NR
410.bwaves,,,,,NR,,,,,NR
410.bwaves,,,,,NR,,,,,NR
410.bwaves,,,,,NR,,,,,NR
410.bwaves,,,,,NR,,,,,NR
410.bwaves,,,,,NR,,,,,NR
410.bwaves,,,,,NR,,,,,NR
410.bwaves,,,,,NR,,,,,NR
410.bwaves,,,,,NR,,,,,NR
416.gamess,,,,,NR,,,,,NR
416.gamess,,,,,NR,,,,,NR
416.gamess,,,,,NR,,,,,NR
416.gamess,,,,,NR,,,,,NR
416.gamess,,,,,NR,,,,,NR
416.gamess,,,,,NR,,,,,NR
416.gamess,,,,,NR,,,,,NR
416.gamess,,,,,NR,,,,,NR
416.gamess,,,,,NR,,,,,NR
416.gamess,,,,,NR,,,,,NR
433.milc,,,,,NR,,,,,NR
433.milc,,,,,NR,,,,,NR
433.milc,,,,,NR,,,,,NR
433.milc,,,,,NR,,,,,NR
433.milc,,,,,NR,,,,,NR
433.milc,,,,,NR,,,,,NR
433.milc,,,,,NR,,,,,NR
433.milc,,,,,NR,,,,,NR
433.milc,,,,,NR,,,,,NR
433.milc,,,,,NR,,,,,NR
434.zeusmp,,,,,NR,,,,,NR
434.zeusmp,,,,,NR,,,,,NR
434.zeusmp,,,,,NR,,,,,NR
434.zeusmp,,,,,NR,,,,,NR
434.zeusmp,,,,,NR,,,,,NR
434.zeusmp,,,,,NR,,,,,NR
434.zeusmp,,,,,NR,,,,,NR
434.zeusmp,,,,,NR,,,,,NR
434.zeusmp,,,,,NR,,,,,NR
434.zeusmp,,,,,NR,,,,,NR
435.gromacs,,,,,NR,,,,,NR
435.gromacs,,,,,NR,,,,,NR
435.gromacs,,,,,NR,,,,,NR
435.gromacs,,,,,NR,,,,,NR
435.gromacs,,,,,NR,,,,,NR
435.gromacs,,,,,NR,,,,,NR
435.gromacs,,,,,NR,,,,,NR
435.gromacs,,,,,NR,,,,,NR
435.gromacs,,,,,NR,,,,,NR
435.gromacs,,,,,NR,,,,,NR
436.cactusADM,,,,,NR,,,,,NR
436.cactusADM,,,,,NR,,,,,NR
436.cactusADM,,,,,NR,,,,,NR
436.cactusADM,,,,,NR,,,,,NR
436.cactusADM,,,,,NR,,,,,NR
436.cactusADM,,,,,NR,,,,,NR
436.cactusADM,,,,,NR,,,,,NR
436.cactusADM,,,,,NR,,,,,NR
436.cactusADM,,,,,NR,,,,,NR
436.cactusADM,,,,,NR,,,,,NR
437.leslie3d,,,,,NR,,,,,NR
437.leslie3d,,,,,NR,,,,,NR
437.leslie3d,,,,,NR,,,,,NR
437.leslie3d,,,,,NR,,,,,NR
437.leslie3d,,,,,NR,,,,,NR
437.leslie3d,,,,,NR,,,,,NR
437.leslie3d,,,,,NR,,,,,NR
437.leslie3d,,,,,NR,,,,,NR
437.leslie3d,,,,,NR,,,,,NR
437.leslie3d,,,,,NR,,,,,NR
444.namd,8020,241.261781,33.2419,0,S,,,,,,"ref iteration #1"
444.namd,8020,240.984357,33.280168,0,S,,,,,,"ref iteration #2"
444.namd,8020,241.051054,33.27096,0,S,,,,,,"ref iteration #3"
444.namd,8020,241.495936,33.209669,0,S,,,,,,"ref iteration #4"
444.namd,8020,241.333171,33.232067,0,S,,,,,,"ref iteration #5"
444.namd,8020,241.04966,33.271153,0,S,,,,,,"ref iteration #6"
444.namd,8020,241.48796,33.210765,0,S,,,,,,"ref iteration #7"
444.namd,8020,241.662697,33.186752,0,S,,,,,,"ref iteration #8"
444.namd,8020,241.464578,33.213981,0,S,,,,,,"ref iteration #9"
444.namd,8020,241.436633,33.217826,1,S,,,,,,"ref iteration #10"
447.dealII,11440,187.965258,60.862311,0,S,,,,,,"ref iteration #1"
447.dealII,11440,187.09833,61.144319,0,S,,,,,,"ref iteration #2"
447.dealII,11440,187.290968,61.081429,0,S,,,,,,"ref iteration #3"
447.dealII,11440,187.784096,60.921027,0,S,,,,,,"ref iteration #4"
447.dealII,11440,187.114242,61.139119,0,S,,,,,,"ref iteration #5"
447.dealII,11440,186.853036,61.224587,0,S,,,,,,"ref iteration #6"
447.dealII,11440,187.806027,60.913913,0,S,,,,,,"ref iteration #7"
447.dealII,11440,187.531281,61.003156,0,S,,,,,,"ref iteration #8"
447.dealII,11440,187.312641,61.074362,1,S,,,,,,"ref iteration #9"
447.dealII,11440,186.796736,61.24304,0,S,,,,,,"ref iteration #10"
450.soplex,8340,156.057241,53.441929,0,S,,,,,,"ref iteration #1"
450.soplex,8340,156.428507,53.31509,0,S,,,,,,"ref iteration #2"
450.soplex,8340,157.785722,52.856494,0,S,,,,,,"ref iteration #3"
450.soplex,8340,156.947049,53.138941,0,S,,,,,,"ref iteration #4"
450.soplex,8340,156.233412,53.381667,0,S,,,,,,"ref iteration #5"
450.soplex,8340,156.156864,53.407835,0,S,,,,,,"ref iteration #6"
450.soplex,8340,157.598242,52.919372,0,S,,,,,,"ref iteration #7"
450.soplex,8340,157.163833,53.065644,0,S,,,,,,"ref iteration #8"
450.soplex,8340,156.368772,53.335458,0,S,,,,,,"ref iteration #9"
450.soplex,8340,156.757089,53.203336,1,S,,,,,,"ref iteration #10"
453.povray,5320,83.617289,63.623206,0,S,,,,,,"ref iteration #1"
453.povray,5320,83.981326,63.347416,0,S,,,,,,"ref iteration #2"
453.povray,5320,83.375969,63.807354,0,S,,,,,,"ref iteration #3"
453.povray,5320,83.652181,63.596668,1,S,,,,,,"ref iteration #4"
453.povray,5320,83.453038,63.748428,0,S,,,,,,"ref iteration #5"
453.povray,5320,83.773084,63.504884,0,S,,,,,,"ref iteration #6"
453.povray,5320,83.342971,63.832618,0,S,,,,,,"ref iteration #7"
453.povray,5320,83.328545,63.843668,0,S,,,,,,"ref iteration #8"
453.povray,5320,83.715224,63.548776,0,S,,,,,,"ref iteration #9"
453.povray,5320,84.100098,63.257952,0,S,,,,,,"ref iteration #10"
454.calculix,,,,,NR,,,,,NR
454.calculix,,,,,NR,,,,,NR
454.calculix,,,,,NR,,,,,NR
454.calculix,,,,,NR,,,,,NR
454.calculix,,,,,NR,,,,,NR
454.calculix,,,,,NR,,,,,NR
454.calculix,,,,,NR,,,,,NR
454.calculix,,,,,NR,,,,,NR
454.calculix,,,,,NR,,,,,NR
454.calculix,,,,,NR,,,,,NR
459.GemsFDTD,,,,,NR,,,,,NR
459.GemsFDTD,,,,,NR,,,,,NR
459.GemsFDTD,,,,,NR,,,,,NR
459.GemsFDTD,,,,,NR,,,,,NR
459.GemsFDTD,,,,,NR,,,,,NR
459.GemsFDTD,,,,,NR,,,,,NR
459.GemsFDTD,,,,,NR,,,,,NR
459.GemsFDTD,,,,,NR,,,,,NR
459.GemsFDTD,,,,,NR,,,,,NR
459.GemsFDTD,,,,,NR,,,,,NR
465.tonto,,,,,NR,,,,,NR
465.tonto,,,,,NR,,,,,NR
465.tonto,,,,,NR,,,,,NR
465.tonto,,,,,NR,,,,,NR
465.tonto,,,,,NR,,,,,NR
465.tonto,,,,,NR,,,,,NR
465.tonto,,,,,NR,,,,,NR
465.tonto,,,,,NR,,,,,NR
465.tonto,,,,,NR,,,,,NR
465.tonto,,,,,NR,,,,,NR
470.lbm,,,,,NR,,,,,NR
470.lbm,,,,,NR,,,,,NR
470.lbm,,,,,NR,,,,,NR
470.lbm,,,,,NR,,,,,NR
470.lbm,,,,,NR,,,,,NR
470.lbm,,,,,NR,,,,,NR
470.lbm,,,,,NR,,,,,NR
470.lbm,,,,,NR,,,,,NR
470.lbm,,,,,NR,,,,,NR
470.lbm,,,,,NR,,,,,NR
481.wrf,,,,,NR,,,,,NR
481.wrf,,,,,NR,,,,,NR
481.wrf,,,,,NR,,,,,NR
481.wrf,,,,,NR,,,,,NR
481.wrf,,,,,NR,,,,,NR
481.wrf,,,,,NR,,,,,NR
481.wrf,,,,,NR,,,,,NR
481.wrf,,,,,NR,,,,,NR
481.wrf,,,,,NR,,,,,NR
481.wrf,,,,,NR,,,,,NR
482.sphinx3,,,,,NR,,,,,NR
482.sphinx3,,,,,NR,,,,,NR
482.sphinx3,,,,,NR,,,,,NR
482.sphinx3,,,,,NR,,,,,NR
482.sphinx3,,,,,NR,,,,,NR
482.sphinx3,,,,,NR,,,,,NR
482.sphinx3,,,,,NR,,,,,NR
482.sphinx3,,,,,NR,,,,,NR
482.sphinx3,,,,,NR,,,,,NR
482.sphinx3,,,,,NR,,,,,NR

"Selected Results Table"

Benchmark,"Base Ref Time","Est. Base Run Time","Est. Base Ratio","Base Selected","Base Status","Peak Ref Time","Est. Peak Run Time","Est. Peak Ratio","Peak Selected","Peak Status",Description
410.bwaves,,,,,NR,,,,,NR
416.gamess,,,,,NR,,,,,NR
433.milc,,,,,NR,,,,,NR
434.zeusmp,,,,,NR,,,,,NR
435.gromacs,,,,,NR,,,,,NR
436.cactusADM,,,,,NR,,,,,NR
437.leslie3d,,,,,NR,,,,,NR
444.namd,8020,241.436633,33.217826,1,S,,,,,NR,"SelectedIteration (base #10)"
447.dealII,11440,187.312641,61.074362,1,S,,,,,NR,"SelectedIteration (base #9)"
450.soplex,8340,156.757089,53.203336,1,S,,,,,NR,"SelectedIteration (base #10)"
453.povray,5320,83.652181,63.596668,1,S,,,,,NR,"SelectedIteration (base #4)"
454.calculix,,,,,NR,,,,,NR
459.GemsFDTD,,,,,NR,,,,,NR
465.tonto,,,,,NR,,,,,NR
470.lbm,,,,,NR,,,,,NR
481.wrf,,,,,NR,,,,,NR
482.sphinx3,,,,,NR,,,,,NR

SPECfp_base2006,--,,--
SPECfp2006,"Not Run",,,,,,,"Not Run"

"Run number:",141

"Hardware Vendor:",
"Hardware Model:",
"Date tested:",Oct-2024
"CPU2006 License:",0
"Test sponsor:",
"Tested by:",
"Hardware avail:",Dec-9999
"Software avail:",Mar-2008


HARDWARE

"CPU Name"," "
"CPU Characteristics"," "
"CPU MHz"," "
FPU," "
"CPU(s) enabled"," cores,  chips,  cores/chip,  threads/core"
"CPU(s) orderable"," "
"Primary Cache"," "
"Secondary Cache"," "
"L3 Cache"," "
"Other Cache"," "
Memory," "
"Disk Subsystem"," "
"Other Hardware"," "

SOFTWARE

"Operating System","QEMU AArch64 Usermode"
Compiler,clang
"Auto Parallel",No
"File System"," "
"System State"," "
"Base Pointers",64-bit
"Peak Pointers","Not Applicable"
"Other Software",None

"Submit Notes"

"The config file option 'submit' was used."

"Base Compiler Invocation"
410.bwaves
416.gamess
433.milc
434.zeusmp
435.gromacs
436.cactusADM
437.leslie3d
444.namd
447.dealII
450.soplex
453.povray
454.calculix
459.GemsFDTD
465.tonto
470.lbm
481.wrf
482.sphinx3

"Base Portability Flags"
410.bwaves
416.gamess
433.milc
434.zeusmp
435.gromacs
436.cactusADM
437.leslie3d
444.namd," -DSPEC_CPU_LP64"
447.dealII," -DSPEC_CPU_LP64"
450.soplex," -DSPEC_CPU_LP64"
453.povray," -DSPEC_CPU_LP64"
454.calculix
459.GemsFDTD
465.tonto
470.lbm
481.wrf
482.sphinx3

"Base Optimization Flags"
410.bwaves
416.gamess
433.milc
434.zeusmp
435.gromacs
436.cactusADM
437.leslie3d
444.namd
447.dealII
450.soplex
453.povray
454.calculix
459.GemsFDTD
465.tonto
470.lbm
481.wrf
482.sphinx3

"Base Other Flags"
410.bwaves
416.gamess
433.milc
434.zeusmp
435.gromacs
436.cactusADM
437.leslie3d
444.namd
447.dealII
450.soplex
453.povray
454.calculix
459.GemsFDTD
465.tonto
470.lbm
481.wrf
482.sphinx3

"Base Forbidden Flags"
410.bwaves
416.gamess
433.milc
434.zeusmp
435.gromacs
436.cactusADM
437.leslie3d
444.namd
447.dealII
450.soplex
453.povray
454.calculix
459.GemsFDTD
465.tonto
470.lbm
481.wrf
482.sphinx3

"Base Unknown Flags"
410.bwaves
416.gamess
433.milc
434.zeusmp
435.gromacs
436.cactusADM
437.leslie3d
444.namd," /home/XXXXXXXX/code/llvm-mte/tagcfi/build/bin/clang++"," /home/XXXXXXXX/code/llvm-mte/tagcfi/build/bin/clang++"," -Wno-int-conversion"," -Wno-int-conversion"," -O2 -fno-strict-aliasing --target=aarch64-linux-gnu -march=armv8-a+memtag --gcc-toolchain=/home/XXXXXXXX/code/llvm-mte/tagcfi/downloads/gcc/gcc-linaro-12.3.1-2023.06-x86_64_aarch64-linux-gnu/"," -std=c++98 -nostdinc++ -isystem /home/XXXXXXXX/code/llvm-mte/tagcfi/install/default/include/c++/12.2.0 -isystem /home/XXXXXXXX/code/llvm-mte/tagcfi/install/default/include/c++/12.2.0/aarch64-linux-gnu -isystem /home/XXXXXXXX/code/llvm-mte/tagcfi/install/default/include/c++/12.2.0/backward/ -nostdlib++ -L /home/XXXXXXXX/code/llvm-mte/tagcfi/install/default/lib -lstdc++ -Wl,-rpath,/home/XXXXXXXX/code/llvm-mte/tagcfi/install/default/lib"," -static -unwindlib=libunwind"," -O2 -fno-strict-aliasing --target=aarch64-linux-gnu -march=armv8-a+memtag --gcc-toolchain=/home/XXXXXXXX/code/llvm-mte/tagcfi/downloads/gcc/gcc-linaro-12.3.1-2023.06-x86_64_aarch64-linux-gnu/"," -static -unwindlib=libunwind"," -unwindlib=libunwind"
447.dealII," /home/XXXXXXXX/code/llvm-mte/tagcfi/build/bin/clang++"," /home/XXXXXXXX/code/llvm-mte/tagcfi/build/bin/clang++"," -Wno-int-conversion"," -include cstdlib -include cstring -include cstddef"," -Wno-int-conversion"," -include cstdlib -include cstring -include cstddef"," -O2 -fno-strict-aliasing --target=aarch64-linux-gnu -march=armv8-a+memtag --gcc-toolchain=/home/XXXXXXXX/code/llvm-mte/tagcfi/downloads/gcc/gcc-linaro-12.3.1-2023.06-x86_64_aarch64-linux-gnu/"," -std=c++98 -nostdinc++ -isystem /home/XXXXXXXX/code/llvm-mte/tagcfi/install/default/include/c++/12.2.0 -isystem /home/XXXXXXXX/code/llvm-mte/tagcfi/install/default/include/c++/12.2.0/aarch64-linux-gnu -isystem /home/XXXXXXXX/code/llvm-mte/tagcfi/install/default/include/c++/12.2.0/backward/ -nostdlib++ -L /home/XXXXXXXX/code/llvm-mte/tagcfi/install/default/lib -lstdc++ -Wl,-rpath,/home/XXXXXXXX/code/llvm-mte/tagcfi/install/default/lib"," -static -unwindlib=libunwind"," -O2 -fno-strict-aliasing --target=aarch64-linux-gnu -march=armv8-a+memtag --gcc-toolchain=/home/XXXXXXXX/code/llvm-mte/tagcfi/downloads/gcc/gcc-linaro-12.3.1-2023.06-x86_64_aarch64-linux-gnu/"," -static -unwindlib=libunwind"," -unwindlib=libunwind"
450.soplex," /home/XXXXXXXX/code/llvm-mte/tagcfi/build/bin/clang++"," /home/XXXXXXXX/code/llvm-mte/tagcfi/build/bin/clang++"," -Wno-int-conversion"," -Wno-int-conversion"," -O2 -fno-strict-aliasing --target=aarch64-linux-gnu -march=armv8-a+memtag --gcc-toolchain=/home/XXXXXXXX/code/llvm-mte/tagcfi/downloads/gcc/gcc-linaro-12.3.1-2023.06-x86_64_aarch64-linux-gnu/"," -std=c++98 -nostdinc++ -isystem /home/XXXXXXXX/code/llvm-mte/tagcfi/install/default/include/c++/12.2.0 -isystem /home/XXXXXXXX/code/llvm-mte/tagcfi/install/default/include/c++/12.2.0/aarch64-linux-gnu -isystem /home/XXXXXXXX/code/llvm-mte/tagcfi/install/default/include/c++/12.2.0/backward/ -nostdlib++ -L /home/XXXXXXXX/code/llvm-mte/tagcfi/install/default/lib -lstdc++ -Wl,-rpath,/home/XXXXXXXX/code/llvm-mte/tagcfi/install/default/lib"," -static -unwindlib=libunwind"," -O2 -fno-strict-aliasing --target=aarch64-linux-gnu -march=armv8-a+memtag --gcc-toolchain=/home/XXXXXXXX/code/llvm-mte/tagcfi/downloads/gcc/gcc-linaro-12.3.1-2023.06-x86_64_aarch64-linux-gnu/"," -static -unwindlib=libunwind"," -unwindlib=libunwind"
453.povray," /home/XXXXXXXX/code/llvm-mte/tagcfi/build/bin/clang++"," /home/XXXXXXXX/code/llvm-mte/tagcfi/build/bin/clang++"," -Wno-int-conversion"," -Wno-int-conversion"," -O2 -fno-strict-aliasing --target=aarch64-linux-gnu -march=armv8-a+memtag --gcc-toolchain=/home/XXXXXXXX/code/llvm-mte/tagcfi/downloads/gcc/gcc-linaro-12.3.1-2023.06-x86_64_aarch64-linux-gnu/"," -std=c++98 -nostdinc++ -isystem /home/XXXXXXXX/code/llvm-mte/tagcfi/install/default/include/c++/12.2.0 -isystem /home/XXXXXXXX/code/llvm-mte/tagcfi/install/default/include/c++/12.2.0/aarch64-linux-gnu -isystem /home/XXXXXXXX/code/llvm-mte/tagcfi/install/default/include/c++/12.2.0/backward/ -nostdlib++ -L /home/XXXXXXXX/code/llvm-mte/tagcfi/install/default/lib -lstdc++ -Wl,-rpath,/home/XXXXXXXX/code/llvm-mte/tagcfi/install/default/lib"," -static -unwindlib=libunwind"," -O2 -fno-strict-aliasing --target=aarch64-linux-gnu -march=armv8-a+memtag --gcc-toolchain=/home/XXXXXXXX/code/llvm-mte/tagcfi/downloads/gcc/gcc-linaro-12.3.1-2023.06-x86_64_aarch64-linux-gnu/"," -static -unwindlib=libunwind"," -unwindlib=libunwind"
454.calculix
459.GemsFDTD
465.tonto
470.lbm
481.wrf
482.sphinx3

"Peak Compiler Invocation"
410.bwaves
416.gamess
433.milc
434.zeusmp
435.gromacs
436.cactusADM
437.leslie3d
444.namd
447.dealII
450.soplex
453.povray
454.calculix
459.GemsFDTD
465.tonto
470.lbm
481.wrf
482.sphinx3

"Peak Portability Flags"
410.bwaves
416.gamess
433.milc
434.zeusmp
435.gromacs
436.cactusADM
437.leslie3d
444.namd
447.dealII
450.soplex
453.povray
454.calculix
459.GemsFDTD
465.tonto
470.lbm
481.wrf
482.sphinx3

"Peak Optimization Flags"
410.bwaves
416.gamess
433.milc
434.zeusmp
435.gromacs
436.cactusADM
437.leslie3d
444.namd
447.dealII
450.soplex
453.povray
454.calculix
459.GemsFDTD
465.tonto
470.lbm
481.wrf
482.sphinx3

"Peak Other Flags"
410.bwaves
416.gamess
433.milc
434.zeusmp
435.gromacs
436.cactusADM
437.leslie3d
444.namd
447.dealII
450.soplex
453.povray
454.calculix
459.GemsFDTD
465.tonto
470.lbm
481.wrf
482.sphinx3

"Peak Forbidden Flags"
410.bwaves
416.gamess
433.milc
434.zeusmp
435.gromacs
436.cactusADM
437.leslie3d
444.namd
447.dealII
450.soplex
453.povray
454.calculix
459.GemsFDTD
465.tonto
470.lbm
481.wrf
482.sphinx3

"Peak Unknown Flags"
410.bwaves
416.gamess
433.milc
434.zeusmp
435.gromacs
436.cactusADM
437.leslie3d
444.namd
447.dealII
450.soplex
453.povray
454.calculix
459.GemsFDTD
465.tonto
470.lbm
481.wrf
482.sphinx3

ERRORS

##############################################################################
"#   INVALID RUN INVALID RUN INVALID RUN INVALID RUN INVALID RUN INVALID RUN  #"
"#                                                                            #"
"# 'reportable' flag not set during run                                       #"
"# 465.tonto (base) did not have enough runs!                                 #"
"# 416.gamess (base) did not have enough runs!                                #"
"# 436.cactusADM (base) did not have enough runs!                             #"
"# 459.GemsFDTD (base) did not have enough runs!                              #"
"# 437.leslie3d (base) did not have enough runs!                              #"
"# 481.wrf (base) did not have enough runs!                                   #"
"# 433.milc (base) did not have enough runs!                                  #"
"# 410.bwaves (base) did not have enough runs!                                #"
"# 435.gromacs (base) did not have enough runs!                               #"
"# 482.sphinx3 (base) did not have enough runs!                               #"
"# 434.zeusmp (base) did not have enough runs!                                #"
"# 470.lbm (base) did not have enough runs!                                   #"
"# 454.calculix (base) did not have enough runs!                              #"
"# Unknown flags were used! See                                               #"
"#      http://www.spec.org/cpu2006/Docs/runspec.html#flagsurl                #"
"# for information about how to get rid of this error.                        #"
"#                                                                            #"
"#   INVALID RUN INVALID RUN INVALID RUN INVALID RUN INVALID RUN INVALID RUN  #"
##############################################################################
----------------
"For questions about","this result, please","contact the tester.",
"For other inquiries,","please contact",webmaster@spec.org.,
"Copyright 2006-2008 Standard","Performance Evaluation",Corporation,
"Tested with SPEC CPU2006 ","v1.1.  Report","generated on ","Tue Oct 29 06:40:43 2024","by SPEC CPU2006 CSV","formatter v6128."
